<step title="BackgroundTrace" date="2026-02-25T21:30:13.615" instance="9be4b8" url="/api/publish" method="POST" >
  <step title="Creating temporary deployment - FetchDeploymentManager" date="2026-02-25T21:30:13.696" /><!-- duration: 4ms -->
  <step title="Creating temporary deployment" date="2026-02-25T21:30:13.704" /><!-- duration: 75ms -->
  <step title="Performing fetch based deployment" date="2026-02-25T21:30:13.849" >
    <step title="Cleaning up temp folders from previous zip deployments and extracting pushed zip file /tmp/zipdeploy/eb28d472-3d40-4286-89be-7be76a94f980.zip (1.87 MB) to /tmp/zipdeploy/extracted" date="2026-02-25T21:30:14.993" >
      <step title="ChmodRecursive Process exited with total time taken in ms: 25" date="2026-02-25T21:30:15.082" /><!-- duration: 14ms -->
    </step><!-- duration: 107ms -->
    <step title="Deployment timer started" date="2026-02-25T21:30:17.112" >
      <step title="DeploymentManager.Deploy(id:ff858b58-8708-4c89-a7f9-ccb33c82005a)" date="2026-02-25T21:30:17.120" >
        <step title="Collecting changeset information" date="2026-02-25T21:30:17.140" /><!-- duration: 67ms -->
        <step title="Updating submodules" date="2026-02-25T21:30:17.214" /><!-- duration: 1114ms -->
        <step title="Determining deployment builder" date="2026-02-25T21:30:18.545" >
          <step title="Builder is OneDeployBuilder" date="2026-02-25T21:30:18.560" /><!-- duration: 4ms -->
        </step><!-- duration: 23ms -->
        <step title="PreDeployment: context.CleanOutputPath False" date="2026-02-25T21:30:18.621" >
          <step title="PreDeployment: context.OutputPath /home/site/wwwroot" date="2026-02-25T21:30:18.740" >
            <step title="Building" date="2026-02-25T21:30:18.866" >
              <step title="Executing external process" date="2026-02-25T21:30:19.318" type="process" path="starter.sh" arguments="/opt/Kudu/Scripts/parallel_rsync.sh /tmp/zipdeploy/extracted /home/site/wwwroot 8 /tmp/ False False  " /><!-- duration: 1878ms -->
              <step title="Modified file to trigger a restart of the app container." date="2026-02-25T21:30:21.574" /><!-- duration: 5ms -->
              <step title="Skip function trigger and logicapp sync because function is not enabled." date="2026-02-25T21:30:21.589" /><!-- duration: 8ms -->
            </step><!-- duration: 3460ms -->
          </step><!-- duration: 3595ms -->
          <step title="Cleaning up temp files" date="2026-02-25T21:30:22.338" /><!-- duration: 4ms -->
          <step title="Cleaning up temp files" date="2026-02-25T21:30:22.347" /><!-- duration: 721ms -->
          <step title="Reloading status file with latest updates" date="2026-02-25T21:30:23.129" >
            <step title="WebHooksManager.PublishEventAsync: PostDeployment" date="2026-02-25T21:30:23.200" /><!-- duration: 41ms -->
          </step><!-- duration: 117ms -->
          <step title="Cleaning up temporary deployment - fetch deployment was successful" date="2026-02-25T21:30:23.255" /><!-- duration: 3ms -->
        </step><!-- duration: 4715ms -->
      </step><!-- duration: 6248ms -->
