<step title="Incoming Request" date="2026-02-25T21:20:47.541" instance="9be4b8" url="/api/publish?async=true&amp;deployer=GITHUB_ONE_DEPLOY&amp;type=zip&amp;message=%7B%22type%22%3A%22deployment%22%2C%22sha%22%3A%22499497a1e720d99dec97f7410d2d248ec45a44cf%22%2C%22repoName%22%3A%22mikemcculloch%2FTradeSmart%22%2C%22actor%22%3A%22mikemcculloch%22%2C%22slotName%22%3A%22production%22%2C%22commitMessage%22%3A%22Initial%20commit%3A%20TradeSmart%20API%20with%20TradingView%20webhook%2C%20Claude%20AI%20analysis%2C%20and%20Twelve%20Data%20market%20data%20integration%22%7D" method="POST" type="request" pid="851,1,5" Host="tradesmart-api.scm.azurewebsites.net" User-Agent="GITHUBACTIONS_DeployWebAppToAzure_a59a564dc5d89661af3a70a522922aafe5a47f9b7e02f6810ccd7808599b25e6" Authorization="Bas..." Content-Type="application/octet-stream" Cookie="ARRAffinity=9be4b8e022d07610be288d9acbc9280ae50fd944942360603a31288ed1ee591e;Path=/;HttpOnly;Secure;Domain=tradesmart-api.scm.azurewebsites.net; ARRAffinitySameSite=9be4b8e022d07610be288d9acbc9280ae50fd944942360603a31288ed1ee591e;Path=/;HttpOnly;SameSite=None;Secure;Domain=tradesmart-api.scm.azurewebsites.net" Transfer-Encoding="chunked" X-ARR-LOG-ID="959aa868-1f87-4f88-8a73-dfab1c9cc162" CLIENT-IP="128.24.161.43:36928" X-SITE-DEPLOYMENT-ID="tradesmart-api" WAS-DEFAULT-HOSTNAME="tradesmart-api.scm.azurewebsites.net" X-Forwarded-Proto="https" X-AppService-Proto="https" X-Forwarded-TlsVersion="1.3" X-WAWS-Unencoded-URL="/api/publish?async=true&amp;deployer=GITHUB_ONE_DEPLOY&amp;type=zip&amp;message=%7B%22type%22%3A%22deployment%22%2C%22sha%22%3A%22499497a1e720d99dec97f7410d2d248ec45a44cf%22%2C%22repoName%22%3A%22mikemcculloch%2FTradeSmart%22%2C%22actor%22%3A%22mikemcculloch%22%2C%22slotName%22%3A%22production%22%2C%22commitMessage%22%3A%22Initial%20commit%3A%20TradeSmart%20API%20with%20TradingView%20webhook%2C%20Claude%20AI%20analysis%2C%20and%20Twelve%20Data%20market%20data%20integration%22%7D" X-Client-IP="128.24.161.43" X-Client-Port="36928" >
  <step title="OneDeploy" date="2026-02-25T21:20:47.592" >
    <step title="None repository commit" date="2026-02-25T21:20:47.601" >
      <step title="Commit id: 87340994-b9f4-42c7-b46d-5499a390c260" date="2026-02-25T21:20:47.608" Message="N/A" AuthorName="N/A" AuthorEmail="N/A" /><!-- duration: 3ms -->
    </step><!-- duration: 12ms -->
    <step title="Starting PushDeployAsync" date="2026-02-25T21:20:47.616" /><!-- duration: 5ms -->
    <step title="Writing artifact to /tmp/zipdeploy/62340340-ad1c-457f-9ba8-77c41c9f5f54.zip" date="2026-02-25T21:20:47.635" >
      <step title="Writing multipart request body to /tmp/zipdeploy/62340340-ad1c-457f-9ba8-77c41c9f5f54.zip" date="2026-02-25T21:20:47.638" /><!-- duration: 2ms -->
    </step><!-- duration: 197ms -->
    <step title="Start deployment in the background" date="2026-02-25T21:20:47.844" >
      <step title="Acquiring Deployment Lock" date="2026-02-25T21:20:47.857" /><!-- duration: 6ms -->
      <step title="Acquired Deployment Lock" date="2026-02-25T21:20:47.894" /><!-- duration: 3ms -->
    </step><!-- duration: 146ms -->
  </step><!-- duration: 404ms -->
  <step title="Outgoing response" date="2026-02-25T21:20:48.004" type="response" statusCode="202" statusText="Accepted" /><!-- duration: 4ms -->
</step><!-- duration: 470ms -->
