<step title="BackgroundTrace" date="2026-02-25T21:20:47.847" instance="9be4b8" url="/api/publish" method="POST" >
  <step title="Creating temporary deployment - FetchDeploymentManager" date="2026-02-25T21:20:47.900" /><!-- duration: 3ms -->
  <step title="Creating temporary deployment" date="2026-02-25T21:20:47.906" /><!-- duration: 79ms -->
  <step title="Performing fetch based deployment" date="2026-02-25T21:20:48.026" >
    <step title="Cleaning up temp folders from previous zip deployments and extracting pushed zip file /tmp/zipdeploy/62340340-ad1c-457f-9ba8-77c41c9f5f54.zip (1.87 MB) to /tmp/zipdeploy/extracted" date="2026-02-25T21:20:49.218" >
      <step title="ChmodRecursive Process exited with total time taken in ms: 25" date="2026-02-25T21:20:49.323" /><!-- duration: 23ms -->
    </step><!-- duration: 131ms -->
    <step title="Deployment timer started" date="2026-02-25T21:20:51.357" >
      <step title="DeploymentManager.Deploy(id:87340994-b9f4-42c7-b46d-5499a390c260)" date="2026-02-25T21:20:51.367" >
        <step title="Collecting changeset information" date="2026-02-25T21:20:51.384" /><!-- duration: 101ms -->
        <step title="Updating submodules" date="2026-02-25T21:20:51.492" /><!-- duration: 1138ms -->
        <step title="Determining deployment builder" date="2026-02-25T21:20:52.879" >
          <step title="Builder is OneDeployBuilder" date="2026-02-25T21:20:52.887" /><!-- duration: 2ms -->
        </step><!-- duration: 13ms -->
        <step title="PreDeployment: context.CleanOutputPath False" date="2026-02-25T21:20:52.953" >
          <step title="PreDeployment: context.OutputPath /home/site/wwwroot" date="2026-02-25T21:20:53.076" >
            <step title="Building" date="2026-02-25T21:20:53.188" >
              <step title="Executing external process" date="2026-02-25T21:20:53.610" type="process" path="starter.sh" arguments="/opt/Kudu/Scripts/parallel_rsync.sh /tmp/zipdeploy/extracted /home/site/wwwroot 8 /tmp/ False False  " /><!-- duration: 2086ms -->
              <step title="Modified file to trigger a restart of the app container." date="2026-02-25T21:20:56.068" /><!-- duration: 4ms -->
              <step title="Skip function trigger and logicapp sync because function is not enabled." date="2026-02-25T21:20:56.076" /><!-- duration: 4ms -->
            </step><!-- duration: 3532ms -->
          </step><!-- duration: 3654ms -->
          <step title="Cleaning up temp files" date="2026-02-25T21:20:56.734" /><!-- duration: 5ms -->
          <step title="Cleaning up temp files" date="2026-02-25T21:20:56.743" /><!-- duration: 504ms -->
          <step title="Reloading status file with latest updates" date="2026-02-25T21:20:57.291" >
            <step title="WebHooksManager.PublishEventAsync: PostDeployment" date="2026-02-25T21:20:57.296" /><!-- duration: 34ms -->
          </step><!-- duration: 42ms -->
          <step title="Cleaning up temporary deployment - fetch deployment was successful" date="2026-02-25T21:20:57.338" /><!-- duration: 3ms -->
        </step><!-- duration: 4468ms -->
      </step><!-- duration: 6068ms -->
