<step title="Incoming Request" date="2026-02-25T21:30:13.215" instance="9be4b8" url="/api/publish?async=true&amp;deployer=GITHUB_ONE_DEPLOY&amp;type=zip&amp;message=%7B%22type%22%3A%22deployment%22%2C%22sha%22%3A%22f8039d0685154f6e1f0d4cc5d5caad7e351bc8e9%22%2C%22repoName%22%3A%22mikemcculloch%2FTradeSmart%22%2C%22actor%22%3A%22mikemcculloch%22%2C%22slotName%22%3A%22production%22%2C%22commitMessage%22%3A%22Restore%20CI%2FCD%20workflow%20to%20GitHub%20(keep%20other%20.github%20files%20ignored)%22%7D" method="POST" type="request" pid="851,1,5" Host="tradesmart-api.scm.azurewebsites.net" User-Agent="GITHUBACTIONS_DeployWebAppToAzure_a59a564dc5d89661af3a70a522922aafe5a47f9b7e02f6810ccd7808599b25e6" Authorization="Bas..." Content-Type="application/octet-stream" Cookie="ARRAffinity=9be4b8e022d07610be288d9acbc9280ae50fd944942360603a31288ed1ee591e;Path=/;HttpOnly;Secure;Domain=tradesmart-api.scm.azurewebsites.net; ARRAffinitySameSite=9be4b8e022d07610be288d9acbc9280ae50fd944942360603a31288ed1ee591e;Path=/;HttpOnly;SameSite=None;Secure;Domain=tradesmart-api.scm.azurewebsites.net" Transfer-Encoding="chunked" X-ARR-LOG-ID="8ebf18e4-ef1c-4a12-844f-8888849f46d7" CLIENT-IP="172.184.209.146:46096" X-SITE-DEPLOYMENT-ID="tradesmart-api" WAS-DEFAULT-HOSTNAME="tradesmart-api.scm.azurewebsites.net" X-Forwarded-Proto="https" X-AppService-Proto="https" X-Forwarded-TlsVersion="1.3" X-WAWS-Unencoded-URL="/api/publish?async=true&amp;deployer=GITHUB_ONE_DEPLOY&amp;type=zip&amp;message=%7B%22type%22%3A%22deployment%22%2C%22sha%22%3A%22f8039d0685154f6e1f0d4cc5d5caad7e351bc8e9%22%2C%22repoName%22%3A%22mikemcculloch%2FTradeSmart%22%2C%22actor%22%3A%22mikemcculloch%22%2C%22slotName%22%3A%22production%22%2C%22commitMessage%22%3A%22Restore%20CI%2FCD%20workflow%20to%20GitHub%20(keep%20other%20.github%20files%20ignored)%22%7D" X-Client-IP="172.184.209.146" X-Client-Port="46096" >
  <step title="OneDeploy" date="2026-02-25T21:30:13.271" >
    <step title="None repository commit" date="2026-02-25T21:30:13.283" >
      <step title="Commit id: ff858b58-8708-4c89-a7f9-ccb33c82005a" date="2026-02-25T21:30:13.287" Message="N/A" AuthorName="N/A" AuthorEmail="N/A" /><!-- duration: 3ms -->
    </step><!-- duration: 10ms -->
    <step title="Starting PushDeployAsync" date="2026-02-25T21:30:13.296" /><!-- duration: 4ms -->
    <step title="Writing artifact to /tmp/zipdeploy/eb28d472-3d40-4286-89be-7be76a94f980.zip" date="2026-02-25T21:30:13.335" >
      <step title="Writing multipart request body to /tmp/zipdeploy/eb28d472-3d40-4286-89be-7be76a94f980.zip" date="2026-02-25T21:30:13.340" /><!-- duration: 5ms -->
    </step><!-- duration: 259ms -->
    <step title="Start deployment in the background" date="2026-02-25T21:30:13.610" >
      <step title="Acquiring Deployment Lock" date="2026-02-25T21:30:13.626" /><!-- duration: 9ms -->
      <step title="Acquired Deployment Lock" date="2026-02-25T21:30:13.683" /><!-- duration: 4ms -->
    </step><!-- duration: 174ms -->
  </step><!-- duration: 521ms -->
  <step title="Outgoing response" date="2026-02-25T21:30:13.800" type="response" statusCode="202" statusText="Accepted" /><!-- duration: 23ms -->
</step><!-- duration: 614ms -->
