﻿<?xml version="1.0" encoding="utf-8"?>
<deployment>
  <id>ff858b58-8708-4c89-a7f9-ccb33c82005a</id>
  <author>N/A</author>
  <deployer>OneDeploy</deployer>
  <authorEmail>N/A</authorEmail>
  <message>OneDeploy</message>
  <progress></progress>
  <status>Success</status>
  <statusText></statusText>
  <lastSuccessEndTime>2026-02-25T21:30:21.9732298Z</lastSuccessEndTime>
  <receivedTime>2026-02-25T21:30:17.1618113Z</receivedTime>
  <startTime>2026-02-25T21:30:18.4636539Z</startTime>
  <endTime>2026-02-25T21:30:21.9732298Z</endTime>
  <complete>True</complete>
  <is_temp>False</is_temp>
  <is_readonly>True</is_readonly>
  <containerId>bc9390afa68a</containerId>
  <buildSummary />
</deployment>